<?xml version="1.0" encoding="UTF-8"?>
<project-private xmlns="http://www.netbeans.org/ns/project-private/1">
    <editor-bookmarks xmlns="http://www.netbeans.org/ns/editor-bookmarks/2" lastBookmarkId="0"/>
    <open-files xmlns="http://www.netbeans.org/ns/projectui-open-files/2">
        <group>
            <file>file:/C:/Users/newus/OneDrive/Documents/NetBeansProjects/AssignmentOne-ST10295986/src/assignmentone/st10295986/AssignmentOneST10295986.java</file>
            <file>file:/C:/Users/newus/OneDrive/Documents/NetBeansProjects/AssignmentOne-ST10295986/src/assignmentone/st10295986/Students.java</file>
            <file>file:/C:/Users/newus/OneDrive/Documents/NetBeansProjects/AssignmentOne-ST10295986/test/assignmentone/st10295986/StudentsTest.java</file>
        </group>
    </open-files>
</project-private>
